2|jake|15210791386|we wejn fjwneif newqf ienw fefnw fnwqfen wjn fjenw jfni wjnaahbfjafew fnaewj fhawbef
2|jake|15210791386|we wejn fjwneif newqf ienw fefnw fnwqfen wjn fjenw jfni wjnaahbfjafew fnaewj fhawbef
2|jake|15210791386|we wejn fjwneif newqf ienw fefnw fnwqfen wjn fjenw jfni wjnaahbfjafew fnaewj fhawbef
2|jake|15210791386|we wejn fjwneif newqf ienw fefnw fnwqfen wjn fjenw jfni wjnaahbfjafew fnaewj fhawbef
2|jake|15210791386|we wejn fjwneif newqf ienw fefnw fnwqfen wjn fjenw jfni wjnaahbfjafew fnaewj fhawbef
2|jake|15210791386|we wejn fjwneif newqf ienw fefnw fnwqfen wjn fjenw jfni wjnaahbfjafew fnaewj fhawbef
2|jake|15210791386|we wejn fjwneif newqf ienw fefnw fnwqfen wjn fjenw jfni wjnaahbfjafew fnaewj fhawbef
2|jake|15210791386|we wejn fjwneif newqf ienw fefnw fnwqfen wjn fjenw jfni wjnaahbfjafew fnaewj fhawbef
2|jake|15210791386|we wejn fjwneif newqf ienw fefnw fnwqfen wjn fjenw jfni wjnaahbfjafew fnaewj fhawbef
2|jake|15210791386|we wejn fjwneif newqf ienw fefnw fnwqfen wjn fjenw jfni wjnaahbfjafew fnaewj fhawbef
2|jake|15210791386|we wejn fjwneif newqf ienw fefnw fnwqfen wjn fjenw jfni wjnaahbfjafew fnaewj fhawbef
3|jake1|15210791386|this cant be right
3|jake1|1511079138360|iim form teh past
3|jake1|1521079138360|thies is a post with s ome text
3|jake1|1521079138360|so ix this
4|jason|1523079138360|I can see the future
